upload_asset,role,audited_source_asset,source_width_mm,source_height_mm,upload_width_mm,upload_height_mm,scale_factor,embedded_rasters,minimum_effective_raster_dpi,sha256,bytes
journal_upload_figures/figure01_framework_overview.pdf,main Figure 1; generated framework and application overview,figures/figure01_framework_overview.pdf,415.44,240.65,170.00,98.48,0.40920538,none (vector-only),not applicable,ed8d87cf760f927e2af144d948d4f1c494d2df337e6db87d1f2a2fd214636e71,48954
journal_upload_figures/figure01_repaired_dtu_landscape.pdf,retained audited asset; not displayed in the revised paper,figures/figure01_repaired_dtu_landscape.pdf,182.74,157.34,170.00,146.37,0.93028912,none (vector-only),not applicable,fbdc170823c112ebf466ffa84d50627a62778e334500e657c887763417a3e1b6,40902
journal_upload_figures/figure02_repaired_temporal_dtu.pdf,main Figure 3,figures/figure02_repaired_temporal_dtu.pdf,233.54,177.80,170.00,129.43,0.72793016,/x9 303x3 px at 22.4x13.3 mm (343 effective dpi; one-dimensional horizontal gradient; all raster rows are identical),343.4,c23415eae09d70aa092db397addac287e3687fcdf5ad9ac6e7ded90bf66fb0bb,58706
journal_upload_figures/figure03_repaired_transient_episodes.pdf,supplementary Figure S3 composite of existing assets,figures/figure03_repaired_transient_episodes.pdf,182.88,185.09,170.00,172.05,0.92957130,none (vector-only),not applicable,88bd046162ab01b28b5abf9d3c8436dc80b57a882147a5ec222654752cad5731,156131
journal_upload_figures/figure04_repaired_candidate_mechanism.pdf,main Figure 6,figures/figure04_repaired_candidate_mechanism.pdf,182.73,161.29,170.00,150.06,0.93034659,none (vector-only),not applicable,ef37c2fb385b6a4a8832712f57f9d8f8f9db1d6495d12be16769a4c5616ec610,95556
journal_upload_figures/figure05_repaired_methylation_audit.pdf,retained audited asset; not displayed in the revised paper,figures/figure05_repaired_methylation_audit.pdf,248.28,204.38,170.00,139.94,0.68470980,/I1 982x888 px at 56.9x51.5 mm (438 effective dpi; two-dimensional raster),438.1,9dce53d9e17b4a810354f93f5cea47ebe3df4512708bdad404c1c968ac0340e1,450609
journal_upload_figures/figure06_repaired_gnao1.pdf,main Figure 9,figures/figure06_repaired_gnao1.pdf,234.19,232.84,170.00,169.02,0.72591251,none (vector-only),not applicable,99e7993daa36088607d3fe8448db3e91065234320a01038cc96bf447933f4888,85512
journal_upload_figures/figure07_repaired_taok3.pdf,retained audited asset; not displayed in the revised paper,figures/figure07_repaired_taok3.pdf,263.47,219.85,170.00,141.85,0.64522965,none (vector-only),not applicable,5be24779db0616c736f64bac6e8497efdfcda56d93a1fd3c9814dac35532bd4c,76024
journal_upload_figures/figure08_repaired_archived_robustness.pdf,retained audited asset; not displayed in the revised paper,figures/figure08_repaired_archived_robustness.pdf,273.40,140.39,170.00,87.30,0.62180277,/I1 31x617 px at 1.6x32.5 mm (482 effective dpi; two-dimensional raster),482.5,f22b9997ad9939bce0e6659a0eae8ad4a38880903053cf322deb37a5c456ec5f,152276
journal_upload_figures/figureS1_repaired_sample_pca.pdf,retained audited asset; not displayed in the revised paper,figures/figureS1_repaired_sample_pca.pdf,182.74,136.88,170.00,127.34,0.93028912,none (vector-only),not applicable,7358c2167b54e6fb761c47ac91130702009516bf3a9f9c54be730e41b4bc76de,46134
journal_upload_figures/figureS2_repaired_thresholds.pdf,supplementary Figure S1,figures/figureS2_repaired_thresholds.pdf,210.61,131.94,170.00,106.50,0.80718553,none (vector-only),not applicable,9be1229cc5ace2351aef3084059ac3661e88ccead46eaf4294586f6504798c51,48693
journal_upload_figures/figureS3_repaired_splicing_architecture.pdf,retained audited asset; not displayed in the revised paper,figures/figureS3_repaired_splicing_architecture.pdf,182.74,121.71,170.00,113.22,0.93028912,none (vector-only),not applicable,cd8b0c78ddddda5d310589458bb550f7cdcadfd18360d620490b675a2bcbc644,39695
journal_upload_figures/figureS4_repaired_go_enrichment.pdf,supplementary Figure S2,figures/figureS4_repaired_go_enrichment.pdf,233.54,152.40,170.00,110.94,0.72793016,/x10 303x3 px at 22.4x13.3 mm (343 effective dpi; one-dimensional horizontal gradient; all raster rows are identical),343.4,0cd53bedbd69b8d74eee084a91d7a7352c67f64b0fc5e0678c87b0b230793797,57848
journal_upload_figures/figureS5_repaired_e155_artifact.pdf,retained analysis asset; not displayed in the revised paper,figures/figureS5_repaired_e155_artifact.pdf,233.54,121.71,170.00,88.60,0.72793016,none (vector-only),not applicable,4753d012ccbd6b54af50c23320f7f8758c848e4e80d49c9eb2cc3ac69b9168ed,82733
journal_upload_figures/figureS6_repaired_calibrated_candidates.pdf,main Figure 5; trajectory panel only,figures/figureS6_repaired_calibrated_candidates.pdf,182.74,136.88,170.00,127.34,0.93028912,none (vector-only),not applicable,2695c2440b3a48b04f349a0889cae3ea36fd1f876e0c28d7470361e8870c67ec,91050
journal_upload_figures/figure_thesis_dtu_upset.pdf,supplementary Figure S4,figures/figure_thesis_dtu_upset.pdf,201.08,118.53,170.00,100.21,0.84542064,none (vector-only),not applicable,7bd09af11d4d478ad1bc4cdce605ec6e7f7c849ed2a8998c30c12d2ae9082213,31608
journal_upload_figures/figure_thesis_archived_bh.pdf,supplementary Figure S9,figures/figure_thesis_archived_bh.pdf,251.88,161.92,170.00,109.29,0.67491564,none (vector-only),not applicable,cc0a471a70389b2f36c1276b22966c29f4df6a59d3900dd56d0b90ba7d4d16b8,97517
journal_upload_figures/figureS7_thesis_dtu_attributes.pdf,supplementary Figure S5,figures/figureS7_thesis_dtu_attributes.pdf,254.00,254.00,170.00,170.00,0.66929134,none (vector-only),not applicable,b37aba00e118f6c8e32e62577e2ad1e260b419512ef34d51214251d875141d7f,181047
journal_upload_figures/figureS8_thesis_delayed_response.pdf,main Figure 4,figures/figureS8_thesis_delayed_response.pdf,209.55,164.75,170.00,133.65,0.81126223,none (vector-only),not applicable,4b94a57d232295103951d4fe4d38ee7222aac07ca6b61b1dbcf8a41966976cbc,144739
journal_upload_figures/figureS9_thesis_dmr_overview.pdf,"main Figure 7, top asset",figures/figureS9_thesis_dmr_overview.pdf,265.29,164.39,170.00,105.35,0.64081086,none (vector-only),not applicable,e672a011bd2b07ed3bc425d16fa96aa7bb0e2e98e1fa1208d7ec38025d118fd4,63532
journal_upload_figures/figureS10_thesis_dmr_temporal.pdf,"main Figure 7, bottom asset",figures/figureS10_thesis_dmr_temporal.pdf,340.43,169.33,170.00,84.56,0.49936763,/I0 73x360 px at 3.1x15.2 mm (601 effective dpi; two-dimensional raster),600.8,00f78a0a5ef6a8b4be50e4f3361f2481f682732c12065391a12e5617cae839e8,63755
journal_upload_figures/figureS11_thesis_switch_methylation.pdf,supplementary Figure S8,figures/figureS11_thesis_switch_methylation.pdf,203.20,152.40,170.00,127.50,0.83661417,none (vector-only),not applicable,1308e1ac275538ec5a1dc43c6adf24d82c6e149f702db0526b8ded49844fe2c4,468750
journal_upload_figures/figureS12_thesis_shtn1.pdf,main Figure 8; terminology-only overlay identifies relative transcript fraction,figures/figureS12_thesis_shtn1.pdf,238.12,252.59,170.00,180.33,0.71391076,none (vector-only),not applicable,ac28c558e9ecb0bd01c6796edb40a60c8efaef33ebf3e2519ccebaf2dd6411e1,2293081
journal_upload_figures/figure_thesis_isoform_counts.pdf,supplementary Figure S6,figures/figure_thesis_isoform_counts.pdf,299.16,173.57,170.00,98.63,0.56826623,none (vector-only),not applicable,7f5af63d104bdecab684f0d2d6b37ab08f79bd488f5acac6faa44c48e6a75115,101372
journal_upload_figures/figure_thesis_splicing_identity.pdf,main Figure 2,figures/figure_thesis_splicing_identity.pdf,296.33,270.58,170.00,155.23,0.57367829,/I0 73x360 px at 3.5x17.5 mm (523 effective dpi; two-dimensional raster),522.9,f72c0f61c454db09362270c443066c0568e6a4b379bc0372bf70c0d5ecb16b84,73253
journal_upload_figures/figure_thesis_temporal_events.pdf,supplementary Figure S7; E0 label corrected to E16.5 versus P0,figures/figure_thesis_temporal_events.pdf,243.06,145.34,170.00,101.65,0.69940459,none (vector-only),not applicable,f0bd1eb376399b630121abb59f51cbc22c1dfb0ce7ac78e9ba4e87de14135862,122603
journal_upload_figures/figure_thesis_archived_repif_bh.pdf,supplementary Figure S10,figures/figure_thesis_archived_repif_bh.pdf,251.88,161.92,170.00,109.29,0.67491564,none (vector-only),not applicable,9b4561fa508f4785b8e0adcddcffce01c6320a40726960739f2a87f6ebdde3d4,100186
journal_upload_figures/figure_thesis_midbrain_volcano.pdf,retained thesis asset; not displayed because its generic volcano axes do not match the correlation statistic,figures/figure_thesis_midbrain_volcano.pdf,381.00,304.80,170.00,136.00,0.44619423,none (vector-only),not applicable,ad411c87181d9e9b715c35a0c49a13bc1fb5184891edda2c48521d2062876ef6,1144739
journal_upload_figures/figure_thesis_weighted_candidates.pdf,supplementary Figure S11,figures/figure_thesis_weighted_candidates.pdf,254.00,304.80,170.00,204.00,0.66929134,none (vector-only),not applicable,74c2e9b5c04cea563d0b57718861b04a36b49eacc76e4928fb6ab0f78e7b7245,72439
journal_upload_figures/figureS7_thesis_hmm_enrichment.pdf,supplementary Figure S12,figures/figureS7_thesis_hmm_enrichment.pdf,204.96,200.38,170.00,166.20,0.82941440,/I1 473x73 px at 33.2x5.1 mm (362 effective dpi; two-dimensional raster),361.7,371070fb7b9c251ca9b0a91a7e94627fc6e816fc23165350fb0f02955d1b1bf0,97472
journal_upload_figures/figureS8_thesis_switch_hmm.pdf,supplementary Figure S13,figures/figureS8_thesis_switch_hmm.pdf,236.71,144.99,170.00,104.13,0.71816656,/I0 73x360 px at 4.4x21.9 mm (418 effective dpi; two-dimensional raster); /I1 73x360 px at 4.4x21.9 mm (418 effective dpi; two-dimensional raster),417.7,0f50f1c2b2fbe27d4558c1e26240d2f4566ad0c5b490415da7dc9e707775d118,113160
journal_upload_figures/figureS9_thesis_methylation_divergence.pdf,supplementary Figure S14,figures/figureS9_thesis_methylation_divergence.pdf,304.80,254.00,170.00,141.67,0.55774278,none (vector-only),not applicable,4bc422c9450b899174adea18b416398d35d8cff0656de18db9cf263d73362f23,302162
